<?xml version="1.0" encoding="UTF-8"?>
<project-private xmlns="http://www.netbeans.org/ns/project-private/1">
    <editor-bookmarks xmlns="http://www.netbeans.org/ns/editor-bookmarks/2" lastBookmarkId="0"/>
    <open-files xmlns="http://www.netbeans.org/ns/projectui-open-files/2">
        <group>
            <file>file:/C:/Users/OWN/Documents/NetBeansProjects/project1/src/project1/CalculateBMIController.java</file>
            <file>file:/C:/Users/OWN/Documents/NetBeansProjects/project1/src/project1/LoginController.java</file>
            <file>file:/C:/Users/OWN/Documents/NetBeansProjects/project1/src/project1/WelcomePageController.java</file>
            <file>file:/C:/Users/OWN/Documents/NetBeansProjects/project1/src/project1/UserController.java</file>
            <file>file:/C:/Users/OWN/Documents/NetBeansProjects/project1/src/project1/CalculateCaloriesController.java</file>
        </group>
    </open-files>
</project-private>
